{
    "loss": 0.13329654932022095,
    "accuracy": 0.9569892287254333
}